euph,replacement,utterance,label,label_new
weed,marijuana,"They provide less uncompensated care for the poor and the elderly. ""Because of the sovereignty granted to the AMA back in the 1930? s @ @ @ @ @ @ @ @ @ @ the privilege should be withdrawn from the AMA. Because for profit hospitals can raise (bilk investors out of ) capital easier than non profit thru issuing stock only means that for profit hospitals are more likely to skim the patient populations ( the practice of only treating patitents with good insurance and leaving the rest to the wolves) in theory, it has been said that "" competition "" would "" <weed> out"" less efficient systems of care, but in reality, those claimed outcomes by the bantering jackyls of the insurance lobby never seem to materialize. The U.S is the only western nation without some kind of universal health care. ",0,0
overweight,obese,BMI is a measurement based on height and weight. Between 25 and 30 is considered <overweight> @ @ @ @ @ @ @ @ @ @ officials have found.,1,0
overweight,obese,"Obesity is seen as the great pandemia of the XXI century. Recent data point to more than a billion adults in the world suffering from <overweight>, of which 300 million are clinically obese. What is more, the rates of child obesity show a worrying increase, with more than 155 million children and adolescents being overweight, of which 40 million are clearly obese. ",1,0
overweight,obese,"Healthy diet is not only about restricting self towards food which is unhealthy but eating a balanced diet which comprises of all the necessary nutrients which also includes adequate amount of water. An unhealthy diet is a major risk factor for a number of chronic diseases including: high blood pressure, diabetes, abnormal blood lipids, <overweight>/obesity, cardiovascular diseases, and cancer. It may be easier for such a person to transition to a healthy diet if treats such as chocolate are allowed; sweets may act as mood stabilizers, which could help reinforce correct nutrient intake. ",1,0
overweight,obese,"You have to have stopped growing, for one thing, and be at least 100 lbs <overweight> with a BMI of over 40. And TurboB is correct, you need to find a bariatric surgeon and speak to him/her. ",1,0
overweight,obese,"The rest of us earn it, one way or another. And as a former <overweight> kid and adult, I feel I can ",1,1
overweight,obese,"I think the word ""bully"" is overused, but I do think the sender of this email was mean. My sister has been <overweight> a lot of her adult life, and it's been hell on her self-image. Could she fix it? ",1,1
overweight,obese,I totally agree that there are many cases where <overweight> people just don't have the self-discipline to do what it takes to lose the weight. They know they are overweight and don't need it pointed out.,1,1
overweight,obese,"Exercise regularly and maintain a healthy body weight. Lose weight if you are <overweight>, but avoid low-carbohydrate diets that are designed for quick weight loss. When carbohydrate intake is insufficient, your body can't completely burn its own fat. ",1,1
overweight,obese,"I've been very confused about how many calories to consume in order to lose weight AND still give my body the fuel it needs to do the exercise I'm asking it to do! I am about 100 lbs <overweight> and just beginning serious training for an athletic event 8 months from now. I know that I will still be overweight in April of 2012, but I would like to achieve the maximum results possible and I just don't know how to balance the calorie/exercise equation. ",0,0
overweight,obese,"Also, someone who is extremely <overweight>/highly metabolically resistant might still not lose weight on a high-protein/moderate fat/slow carb diet. The reason being that protein can be converted to glucose (from what I understand). ",0,0
overweight,obese,"I remember @ @ @ @ @ @ @ @ @ @ the doctor with my mom. The doctor asked (the quite <overweight>) me whether I knew I had lost 10 pounds. My mom jumped in and said, ""Oh, we don't pay attention to weight.. she's been swimming!"" Or something to that effect. ",0,1
overweight,obese,"It depends. If your child is <overweight>, it's not a @ @ @ @ @ @ @ @ @ @. If he's like my son, however (he's 16 months and just under 20 lbs), you may actually feel obligated to feed him as much as he demands. ",0,0
overweight,obese,"Her concern with so many kids being <overweight> is that as people with Down syndrome are living longer, ""we may start seeing more complications and comorbidities such as diabetes, cardiovascular disease (and) hypertension, all those things that we worry about in all of our obese adolescents."" ",0,0
overweight,obese,"It ""extends "" the claws when it needs to "" hook"" into somthing like a prey item or a toy ) Rabbits that are declawed have more problems with traction, particularly on smooth surfaces. This can lead to splay leg conditions, particularly if the rabbit is sedentary or <overweight>. ",0,0
overweight,obese,"By encapsulating brown fat cells with a protective layer and injecting them into a solution of "" white "" fat cells, which are considered to be the "" bad"" type commonly retained around the abdomen, the team was able to successfully burn away the white fat @ @ @ @ @ @ @ @ @ @ discovery could one day lead to the development of a fat-burning vaccine for humans that is capable of actually turning white fat cells into brown fat cells, which in turn could help <overweight> or obese individuals attain a healthy weight. ",0,0
overweight,obese,"not all people will be thin while breastfeed ( some celebs who you do nt hear about are fat from it too). I was always skinny 120lb 5' 7? and eat whatever I want. at 32yr, i had my first girl and was only 10lbs <overweight>. But, each year I breastfed her, i gained 5lbs while eating like a cow-- i was always hungry... and therefore, I looked 5 months pregnant while doing no exercise cuz my daughter was so high maintenance. ",0,0
overweight,obese,"""The most distressing finding in this year's study was the fact that more pet owners are unaware their pet is <overweight>, "" APOP founder Dr. Ernie Ward said in the report. Around 22 percent of dog owners and 15 percent of cat owners "" characterized their pet as normal weight when it was actually overweight or obese."" ",0,0
aging,growing old,"Acute health effects include burns and radiation sickness. Radiation sickness is also called' radiation poisoning.' It can cause premature <aging> or even death. If the dose is fatal, death usually occurs within two months. ",1,1
aging,growing old,"If you haven't read it, quite a few of the little continuity nods will go right over your head. And seeing an <aging> Bilbo leaving Middle Earth won't be nearly as emotional. ",1,1
aging,growing old,"Having dependents other than a spouse, usually children, but sometimes others such as an <aging> parent @ @ @ @ @ @ @ @ @ @ pursuing their undergraduate degree don't follow the traditional path of high school then a move to an on-campus 4-year degree. You can stand out from the pack by taking college classes, even if it is later in life. ",1,1
aging,growing old,"The story starts off and introduces us to the world of Ivan. That he lives in an <aging> mall on the outskirts of the town. He was the reason they came to see the zoo years ago, but things change. ",1,0
aging,growing old,"While Rodriguez vowed that he would not waive his no-trade and will come back with ""something to prove,"" you can bet the Yankees will attempt to move the remaining five years of his @ @ @ @ @ @ @ @ @ @ majority of the contract and moving him is better than heading into another season with an <aging> player who has a degenerative hip that is not going to get better. ",1,0
aging,growing old,"I am a small business owner and a liberal. As an <aging> baby boomer (60) I will only be affected for a few more years, however I am a healthcare provider also. I have seen the results of our failed healthcare system for almost three decades now. ",1,1
aging,growing old,"First, and foremost, is simply the fact that the pool of nurses inevitably follows the general <aging> of the nation. As baby boomers who once filled the halls of healthcare institutions caring for others begins to age, they will certainly have a more difficult time meeting the demands of current healthcare. ",0,0
aging,growing old,"A friend @ @ @ @ @ @ @ @ @ @ hog farm in IL. I would also like to point to the <aging> and shrinking farming community in America as another reason it is difficult to find anything but corperate pork. Most family farms had to incorporate and go ""big"" in the 1970? s and 1980? s in order to survive in the current economy. ",0,0
aging,growing old,I thought they made the right move when they tore down the Thome-era teams to rebuild with the CC Sabathia/Victor Martinez/Grady Sizemore team. And they rebuilt well; they sold off <aging> vets for prospects that turned into everyday players. The plan worked.,0,0
aging,growing old,"Large forested landscapes have an unnatural distribution @ @ @ @ @ @ @ @ @ @. Although older age forests are important to the biodiversity of forest ecosystems, the growing number of <aging> and overstocked forest landscapes are becoming vulnerable to insects and disease. The national list of threatened and endangered species is increasing and some fish habitat populations are limited by problems of water quality and quantity. ",0,0
aging,growing old,"According to the Pentagon's account, the Predator was on a routine surveillance mission at about 4:50 a.m. EST over the Gulf on Nov. 1 and was operating at a distance of about 16 miles off the Iranian coastline when two of Iran's <aging>, Soviet-- made Sukhoi Su-25 Frogfoot attack planes approached. Continue reading... ",0,0
aging,growing old,Activation of sirtuins is thought to help @ @ @ @ @ @ @ @ @ @ put on a diet with 30 percent fewer calories can live up to 40 percent longer. They seem to do so by avoiding the usual degenerative diseases of <aging> and so gain not just longer life but more time in good health.,0,1
aging,growing old,"Two years ago i moved to london and started using hot water and I must say my skin has become more sensitive to acne, rushes, dryness and blemishes that I never used to have. Felt myself <aging> so fast. Am happy i found this article no more hot showers for me. ",0,0
aging,growing old,"Call and schedule your appointment to start the process of reversing the signs of <aging> and turning back the clock on your skin! We offer the Vi Peel and microdermabrasion only at our Coconut Creek office and our friendly appointment schedulers are available Monday-- Friday, 7am-- 7pm by calling 954.537.4106. ",0,1
aging,growing old,"I replaced the 5400rpm 80GB laptop platter drive in an old Dell XPS m1210 (core 2 duo 2.0 GHZ) with a then SATA1 Samsung SSD 64gb @ @ @ @ @ @ @ @ @ @n't want to use this junk, 10 minutes to boot, and its still doing something in the background when i get to the desktop so i need to wait another 2 to 5 minutes ""to an unbelievable "" hey honey turn on the laptop and find us a netflix film to watch..... oh its on already and you're at netflix before i finished asking you?"" On older laptops, the platter disks seem not to be that durable, and the speeds gains alone give an <aging> laptop another 1 to 2 year shelf life. ",0,0
troubled,problematic,"Just about @ @ @ @ @ @ @ @ @ @ Smith was completing a PhD in medieval Russian history at Harvard University. She was <troubled>, though, that only a handful of writings from before the 14th century-mostly liturgical documents-had survived the tumult of Russian history. How much had been irretrievably lost? ",1,0
troubled,problematic,It's a grim time where life is easily and torturously forfeit. Hereward is possibly one of England's forgotten heroes and this interpretation of his <troubled> life is well worth the read.,1,1
troubled,problematic,"In Youngstown, the Corrections Corporation of America, the nation's largest operator of private prisons, made a deal with the economically depressed former steel town: Youngstown gave the prison the land for a dollar and the corporation promised to create 450 jobs and find the inmates. It found them in the <troubled> Lorton prison in the District of Columbia. ",1,1
troubled,problematic,"Lucky for us, he's not alone.... supported by a very strong cast... typical for a Spielberg epic. Sally Field is Lincoln's <troubled> wife Mary Todd Lincoln, who is dealing with the impact of years of political struggle, the war, and the lasting affects of a carriage accident. David Strathairn is Lincoln @ @ @ @ @ @ @ @ @ @ who wants to be the voice of political reason. ",1,1
troubled,problematic,"Layoffs followed, including the company's largest-ever cut-- 18,000 workers-- announced in July 2014. That cutback, representing 14 percent of the company's workforce at the time, was focused on the long-<troubled> phone operation, involving 12,500 professional and factory jobs that mainly had been former Nokia positions. @@4187841 Yes, Even Fresh-Faced Fans Cheered the Rock Stalwarts of' Oldchella' ",0,0
troubled,problematic,"Meanwhile, the SEC cleared up uncertainty for preparers and auditors related to accounting provisions included in the $2 trillion Coronavirus Aid, Relief, and Economic Security (CARES) Act, P.L. 116-136. The CARES Act was signed into law on March 27 and contains a deferral for depository institutions of FASB's new @ @ @ @ @ @ @ @ @ @ institutions of FASB's <troubled> debt restructuring rules. ",0,0
troubled,problematic,"Yet the director's modernist appropriation of realism, or vice versa, and here the absolute flattening of distinctions between historical and filmic' realities', means that none of these highly tactile, at times seemingly' 3D' and increasingly virtual images culminating with Antonioni's first colour film are' beyond' reality. Rather, they strikingly yet most fittingly present the various' shocks' and radical modifications of familiar experience within this technologised, hyper-industrialised world, even as the viewer's gaze upon it is clearly very different to that of our <troubled>, closely felt yet never truly accessible protagonist. ",0,1
troubled,problematic,"The extended family community that often helps to bridge the gap in Africa, was also adversely affected. Nigerians in Diaspora whose financial remittances constitute a major @ @ @ @ @ @ @ @ @ @ also ran into <troubled> waters. In every sense, Nigeria's financial sector faced a severe respiratory crisis, with corresponding implications for economic growth and social stability. ",0,0
let go of,fire,"At the end of the day, Steven Sinofsky is a human being and I don't like the thought of people being <let go of>; however, viewing this situation purely from my stance as a Windows enthusiast, I haven't been this happy or fired-up about the potential for Windows in a very long time. So, here's to hoping for a much more exciting Windows ahead: for users, developers, professionals, and everyone in-between @ @ @ @ @ @ @ @ @ @ see happen with Windows now? ",1,1
let go of,fire,"3: Relentless passion for Windows (think ""Longhorn""): Ever since Jim Allchin was <let go of>, the intense enthusiast passion for Windows has all but died, and Microsoft needs to get it back. How, you ask? ",1,1
let go of,fire,"It was a properly fleshed out unit study. And it was working @ @ @ @ @ @ @ @ @ @ just now, as the moon is full, I am ready to <let go of> this plan. Or at least relax my expectations. ",0,0
let go of,fire,"And since we (n.america ) don't live in democracys but some sort of corporate oligarchies ( I'm open to a better description ) What power to change policy do any of us really have? From my perspective we are back to the monkey trap, refusing to <let go of> the apple. As I understand your conception of collapse there will be communities that are forward thinkers who will step down ( roll with the punches) better than others. ",0,0
exterminate,kill,"These are the Kaleds, who are fighting a war with the Thals for dominance of Skaro. Soon, Ravon boasts, they will <exterminate> the Thals from the face of Skaro! The Doctor notices that ""Kaled"" is an anagram of something familiar... ",1,1
exterminate,kill,"take a look at Lithuania in 14th-17th century and compare it with today, see what I mean. also, if I would take experience from England of today, then I would be having a few slaves of my own right now... and if Afghani or Iraqi are showing us something, it is-- <exterminate> and intolerate everything and anything that is not like you.",1,1
exterminate,kill,"One of the Daleks says it gave the order, and refuses when Davros tells it to shut the line down. The Daleks <exterminate> Nyder when he tries to do so, and advance on Davros. ",1,1
exterminate,kill,"One of the big reveals in End of Evangelion is that humans share much of their DNA with their enemies, the Angels. Misato remarks on the tragic irony behind the fact that each race wants to <exterminate> the other despite being so similar on a genetic level. ",1,1
exterminate,kill,"They had long ago interacted with earth and our ""Secondary World"" of aliens with big domed heads and black eyes. Voltar and his people felt that man was being manipulated by the Secondary World aliens, and planned to use Brian in a test project to free mankind from the ""Secondary World"" aliens and their plan to <exterminate> mankind beginning on ",0,1
exterminate,kill,"Man is the only animal that deals in that atrocity of atrocities, War. He is the only one that gathers his brethren about him and goes forth in cold blood... to <exterminate> his kind. He is the only animal that for sordid wages will march out... and help to slaughter strangers of his own species who have done him no harm and with whom he has no quarrel... And in the intervals between campaigns he washes the blood off his hands and works for ""the universal brotherhood of man""-- with his mouth.-What Is Man? ",0,1
disabled,hobbled,"When, during the speech, he belted out ""All Americans, male or female, young and not so young, black or white @ @ @ @ @ @ @ @ @ @ and not <disabled>"" I thought it was impossible. It's an action hero speech, a rah rah we defeated the aliens speech ...",1,1
disabled,hobbled,"Does your software collect any information about me, my listening or my surfing habits? Can it be <disabled>? Is it going to install some inane and unecessary ""download manager"" which will play commercials without asking me while taking up loads of my precious screen real estate? ",1,0
disabled,hobbled,"There could be an argument made for covering people who truly can't afford it (ie extremely <disabled> from birth). That's a very small population, and wouldn't affect everyone else much. ",1,1
disabled,hobbled,"When, during the speech, he belted out ""All Americans, male or female, young and not so young, black or white or hispanic or asian, gay or straight, <disabled> and not disabled"" I thought it was impossible. It's an action hero speech, a rah rah we defeated the aliens @ @ @ @ @ @ @ @ @ @ say that. ",1,1
disabled,hobbled,I guess keeping one as a backup is a good idea but having a drawer full is a waste. Many of the elderly or <disabled> don't want a fancy phone just a way to call for help in case of trouble.,1,1
disabled,hobbled,"She killed her 9 year old son Jack with her bare hands, and was determined to be clinically depressed, because HE had a new diagnosis of epilepsy. It was a crime against the <disabled>, and she is out on the streets cured. ",1,1
disabled,hobbled,"No no no no. I'm in the same situation-- <disabled>, chronic pain, artist, no ""visible disability"" (even when I'm in my chair), and nobody understands that it takes us longer to do *everything*. I'm honestly surprised you even humored your neighbor this far! ",1,1
disabled,hobbled,"Ivan Nova, Yankees: Nova's frustating sophomore season took a turn for the worse last week when he went on the 15-day <disabled> list with rotator cuff inflammation. He should be back again this season, but given how homer-prone Nova has been, he won't have much value when he does return. ",1,0
disabled,hobbled,"This site is terrific, but I work with developmentally <disabled> adults with the interests and attention span of 4-5 year olds. Many of the activities on the list will @ @ @ @ @ @ @ @ @ @ level above my consumers. ",1,1
disabled,hobbled,"The L55 had attempted to avoid this risk by keeping at 20,000 feet till it had cleared the western front, but this caused other problems. The morning sun heating the hydrogen forced @ @ @ @ @ @ @ @ @ @ of the crew <disabled> by oxygen deprivation it was a struggle to bring her under almost partial control. The L55 crash landed in central Germany. ",0,0
disabled,hobbled,"Actually no, it can't, because after BIOS reset you have control over boot device order, because console redirection will be <disabled>. All PCs must be configured with a keyboard and a monitor before anything can be done ""headless"", and the same procedure has to be repeated if by any chance BIOS is reset, ESCD is erased, or CMOS battery died (yes, they ALL still have those things). ",0,0
disabled,hobbled,"... An unknown intruder has compromised a WordPress server and added a remote control tool to downloadable versions of the widely used blogging software. The breach happened last week and was discovered on Friday, WordPress creator Matt Mullenweg wrote on the WordPress Web site. ##451760 Who decides whether or not I am <disabled>? ",0,0
disabled,hobbled,"I think these efforts are way overblown but I guess it makes Obama supporters feel productive. I understand that Team Obama has resorted to harvesting the votes of the mentally <disabled> in NC. Now that's ""productive,"" if you don't factor in the lawsuits filed by the families of the abused'comments... Loading comments... ",0,1
disabled,hobbled,"Conformance checkers must check that the input document conforms when parsed without a browsing context (meaning that no scripts are run, and that the parser's scripting flag is <disabled> ), and should also check that the input document conforms when parsed with a browsing context in which scripts execute, and that the scripts never cause non-conforming states to occur other than transiently during script execution itself. ( This is only a ""SHOULD "" and not a "" MUST"" requirement because it has been proven to be impossible. COMPUTABLE) ",0,0
disabled,hobbled,"As the previous case shows, the frontal lobes of the brain play an important role in initiating behavior, and this function can be <disabled> if they are damaged. However, the evidence shows that the frontal lobes play an equally important part in inhibiting behavior, and this function can also be disabled by frontal lobe damage. ",0,0
disabled,hobbled,"Dowling waited until the Federal vessels came within good range and then opened fire on them. In a few minutes two of the Federal boats, the Sachem and the Clifton, were <disabled>, and the others left the harbor quickly to escape a similar fate. The two disabled boats, their crews, consisting of three hundred and fifty men, and all their armaments were captured. ",0,0
disabled,hobbled,"You can open them in Fireworks, Photoshop or your favorite graphics editor, design over them them, and save them back out as the same name. Most png files are png 32 as that creates perfect transparent edges.The main Firefox buttons are actually one big file that contains all the buttons, their rollover, pressed and <disabled> states too. Firefox then uses CSS to create the effects you see in the browser. ",0,0
disabled,hobbled,"One of our sitting senators and two of his staff were just arrested Thursday on a host of charges ranging from soliciting bribery (one from a windmill power project ), graft, kickbacks, falsifying campaign disclosure reports for fun and profit, soliciting fraud ( with his own staff who were given huge unearned bonuses for cash kickbacks to the' senator' ), to wire fraud ( he allegedly used tax-payer funds to task two of his legislative staff to earn a University of Phoenix online degree in his name ). Word is there are more arrests @ @ @ @ @ @ @ @ @ @ we forget what we're up against; in just the last few days a US attorney's office was burned down and the home of an Assistant Attorney General was gutted by fire ( arson-- ""a total loss to both the structure and its contents"" )... Security system was efficiently <disabled>... And I was awakened by a pretty intense gunfight last night ( second in a month) that apparently didn't rise to the level of news. ",0,0
disabled,hobbled,"Naturally no commander is going to cut thin the margin between staying afloat and foundering, but he may nevertheless unwittingly pass the danger point even though @ @ @ @ @ @ @ @ @ @ on going as long as the severity of wind and sea has not yet come close to capsizing them or breaking them in two, may nevertheless become helpless to avoid these catastrophes later if things get worse. By then they may be unable to steer any heading but in the trough of the sea, or may have their steering control, lighting, communications, and main propulsion <disabled>, or may be helpless to secure things on deck or to jettison topside weights. The time for taking all measures for a ship's safety is while still able to do so. ",0,0
late,dead,"My piece was superseded in the Fifteenth Edition (1974-1984) by a wise and comprehensive five-page article by the <late> Erwin Stengel, professor of psychiatry at the University of Sheffield. Its most innovative section is headed ""Suicide in the Future,"" and Stengel's predictions are not particularly rosy. ",1,1
late,dead,"The virus doesn't take sides in Trump's fights with news media. He also praised company founder Henry Ford's ""bloodlines"" to his descendants-- a peculiar compliment given the <late> Ford's promotion of virulent anti-Semitism and crackpot eugenics theories in the 1920s and 1930s that inspired German Nazis. ",1,1
late,dead,"According to Joe Mattes, vice president of e-commerce at Turner Sports, Earnhardt Jr., Gordon and Stewart rank as the top three in sales at NASCAR.com. Earnhardt remains a top-10 seller, but Mattes said the revenue is spread more evenly than 10 years ago, when there was a drop-off in demand beyond the <late> superstar's products. ",1,1
late,dead,I just had a few. So I think the FDA recently just approved the first generic for ProAir in <late> February. So I just wanted to get your thoughts on maybe how this might impact or compete with Primatene sales in the near term.,0,0
late,dead,"The Coronavirus outbreak that began in China has infected more than 71,000 people globally. The World Health Organization has named the illness COVID-19, referring to its origin <late> last year and the coronavirus that causes it. According to the latest figures, most deaths due to the novel coronavirus have been reported from mainland China, particularly Hubei, followed by Hong Kong, Macao, Japan, Singapore, Thailand, South Korea, Malaysia, Taiwan, Vietnam, Germany, United States, and so on. ",0,0
late,dead,The senate inquiry heard evidence that then Sport minister Bridget McKenzie's interference in the grants scheme was unlawful. McKenzie has denied any personal knowledge of <late> changes to sports grants after her signoff a couple of weeks before the election. And midweek Morrison brushed it all off when he was asked about it at one of his coronavirus news conferences.,0,0
sober,not drunk,"Today I am a successful professional woman. I am <sober>, abstinent, (from compulsive overeating) and cigarette free. I do all kinds of service and volunteering that really helps people. ",1,1
sober,not drunk,"Blaine says it's all about them, as a couple. Kurt finally manages to pull away, yelling that Blaine is right-it is about them as a couple, and that's why he doesn't want to do it when Blaine spent half the night dancing with another guy and that he won't be <sober> enough to remember the next day. ",1,1
sober,not drunk,She sounds like she's depressed if she has to sleep that much. If you think he's eloquent now just wait till he's <sober>!,1,1
sober,not drunk,"Gizmodo proclaimed him the most viral person of the year, beating out well-known non-Reddit personalities like Xeni Jardin and Leo Laporte. We'd temper Gizmodo's enthusiasm with the <sober> realization that karma isn't everything on Reddit. But maxwellhill has a knack for finding stories redditors care about, and framing them with catchy headlines. ",0,0
sober,not drunk,"Therefore did they rather choose for a season to suspend their assent unto the authority of the whole epistle than to prejudice the church by its admission. And well was it that some learned men afterward, by their <sober> interpretations of the words @ @ @ @ @ @ @ @ @ @ unto the errors of the Novatians; for without this it is much to be feared that some would have preferred their interest in their present controversy before the authority of it: which would, in the issue, have proved ruinous to the truth itself; for the epistle, being designed of God unto the common edification of the church, would have at length prevailed, whatever sense men, through their prejudices and ignorance, should put upon any passages of it. But this controversy is long since buried, the generality of the churches in the world being sufficiently remote from that which was truly the mistake of the Novatians; yea, the most of them do bear peaceably in their communion, without the least exercise of gospel discipline towards them, such persons as concerning whom the dispute was of old, whether they should ever in this world be admitted into the communion of the church, although upon their open and professed repentance. ",0,0
economical,prudent,"What we will see is a decline in God-believers, because our actual economic system (free market) can nothing with a @ @ @ @ @ @ @ @ @ @: being free and happy. The defect is: free market economy is only an <economical> situation, nothing more. To know our human nature is a philosophical task. ",1,0
economical,prudent,The use of technology has not only widens the range of options but also include new and unique places for the far flung travelers. The <economical> solutions for the young tourists' stay at various famous attractions or near to them are the biggest attraction. Airbnb has made things simple and charges no fee for the convenience.,1,1
economical,prudent,"It was expensive, but it would last most of a period if you were careful. They were <economical>. They were delicious. ",1,1
economical,prudent,"As with any technology, Time Travel will get less expensive as time goes on. Just as the price of a VCR has dropped to less than $70 from the several hundred dollars it cost just ten years ago, Time Travel, once it becomes feasible, will initially be very expensive yet it will become more and more <economical> as time goes by. ",1,1
economical,prudent,"What is the Connect car sharing club?: ""... it's an environmentally-friendly, <economical> alternative to car ownership that can save members hundreds of dollars a month in car ownership costs. When using Connect by Hertz, everything is included in the hourly fee: gas, maintenance, insurance, and parking."" ",1,1
economical,prudent,"I had new stereo's installed in them so she could plug in her iPhone and have Bluetooth capability for hands free phone calls. They have both been dead reliable, comfortable, and reasonably <economical>. I told her if she didn't screw up my car I'd buy her a new car for graduation and I'd get mine back, so far so good. ",1,1
economical,prudent,"Third, evaluation of culture learning is a necessary component of the ""foreign culture curriculum,"" providing students with feedback and keeping teachers accountable in their teaching. A fourth point is made by Cruz, Bonissone, and Baff (1995) pertaining to the express need for linguistic and cultural competence as a means of achieving and negotiating nations' political and <economical> identities in an' ever shrinking world', as they put it. ",0,0
economical,prudent,"Sir! you have your myopic and misguided thought about the Ethiopian society in particular and the world in general. What do you mean when @ @ @ @ @ @ @ @ @ @ Ethiopia's <economical> activity. "" Do you remember the Ethiopian urban economic activity was under the control of the muslims. Is your resentment based why the Sheria law practiced in Ethiopia. ",0,0
economical,prudent,"Thus scattered by the need for haste the ships steamed west: Toledo reached Pearl Harbor on the 9th and left on the 11th; the Helena group arrived on the 11th and left on the 13th; the tankers, the submarines, and the two remaining destroyers pressed on behind. For destroyers en route to the Far East the distances west of Pearl posed problems of fuel consumption: steaming at 24 knots would save a day in transit, as compared to steaming at <economical> speed, but would also @ @ @ @ @ @ @ @ @ @ left the coast were far behind, none was available at Pearl for forward deployment, and the facilities at Midway Island, on the direct route westward, had been deactivated in May on instructions from the Department of Defense. ",0,1
economical,prudent,"With the improvement of land communications the inner regions of Europe developed rapidly in population, wealth, and power. Effective and <economical> movement of goods was no longer a maritime monopoly, and land transport increasingly approximated @ @ @ @ @ @ @ @ @ @ an inward displacement of the disturber of the peace, from Napoleon to the Kaiser, from Hitler to Stalin, while across the oceans new power centers, arose with the new industrialization of the United States and of Japan. These developments led to the new strategic formulations of the 20th century, while at the same time the developments of the new technology powerfully modified the nature and conduct of war. ",0,1
economical,prudent,"Penegra 100mg is an incredibly dietary supplement which will can be effective outside the portions of possessing erotic furthermore carrying to come back charming days to weeks. The actual medications will be given on the internet within enjoyment anyone not to mention tremendous cost <economical> costs, who has went about getting toasty pertaining to women and men while in the financial family members. People may possibly not have in order to first in search results a lot for the company options, due to the fact these types of prescription drugs is by and large @ @ @ @ @ @ @ @ @ @ creates sexual activities a wonderful practical experience, like existing shopper assessments. ",0,0
economical,prudent,"he is a political head of them, or in such sense an head unto them, as a king is to his subjects; he reigns in them by his Spirit and grace, and rules them by wholesome laws of his own enacting, and which he inscribes on their hearts, and he protects and defends them by his power; he is an <economical> head, or in such sense an head of them, as the husband is the head of the wife, and parents and masters are the heads of their families, he standing in all these relations to them; and he is to them what a natural head is to an human body; of all which See Gill on 1 Corinthians 11:3. ",0,0
collateral damage,deaths,"Yes, he does horrible things to Briarcliff patients. But he's trying to create an immune booster and these people are simply the <collateral damage> human volunteers. In his mind all of this ""human waste"" is being used for the greater good. ",1,1
collateral damage,deaths,"You left out tens of thousands (perhaps hundreds of thousands) of dead Iraqis as <collateral damage>, the thousands of children killed and maimed that will fuel the next generation of terrorists, and the thousands of parents killed and maimed that will make their children the NEXT generation of terrorists. ",1,1
collateral damage,deaths,"Arkin then turns to Afghanistan, arguing that targets are in its less populated areas and the percentage of smart weapons will be much higher. Hence, we need not be overly concerned about civilian' <collateral damage>.' ",1,1
collateral damage,deaths,"Keep in mind, folks, that this guy claims to be a man of God. And yet he is in essence saying the murder of innocent babies and the furthering of the homosexual agenda are acceptable <collateral damage>. His shameful logic is BS to hide his racism and idolatry of skin color. ",0,0
collateral damage,deaths,"In the current New Yorker sub req'd, Michael Specter examines the new science of the microbiome and the indications that antibiotics, while crucial to human health, may also inadvertently cause disease. It can happen both through indiscriminate use, which encourages the rise of resistant bacteria, as well as through ""<collateral damage>"" to helpful bacteria, which appear to play a much greater role in our bodies' functions than we previously understood. ",0,0
collateral damage,deaths,"The next questions is-- what about the 1 million ""unnatural links"" notices that are out there that Google has done nothing about-- no ranking penalty, no response to requests for reconsideration, no nothing. Are they going to back track and just devalue links, which would make a lot of business sense since the Neg SEO Brand isn't helping them any or us honest business owners trying to avoid the <collateral damage> because google can't get along with people. ",0,0
collateral damage,deaths,"Alas, it's one quite unlikely to go away because the overwhelming majority of Americans @ @ @ @ @ @ @ @ @ @ off our streets and out of our neighborhoods and into walled communities where people regarded as little more than vicious animals are housed. That they face a good chance of being raped while there is variously seen as fodder for jokes, the wicked getting their just desserts, or <collateral damage>. It's virtually inconceivable that political will to do something about the problem will coalesce any time soon. ",0,0
regime change,government overthrow,"New regimes-- whether emerging from wars, negotiated transitions and first-ever elections, or foreign-or domestic-led <regime change>-- tend to be fragile. They may require decades to become institutionalized states operating under the rule of law. ",1,1
regime change,government overthrow,"The reality of the ""<regime change>"" operation, of course, bears little resemblance to the picture painted by Obama. Vote fraud and ballot-box stuffing resulted in the nation's Constitutional Council declaring incumbent President Laurent Gbagbo the election winner. ",1,1
regime change,government overthrow,"The U.N. Resolution, however, did not call for <regime change> in Libya. ",1,1
regime change,government overthrow,"In Syria, the Western-backed ""<regime change>"" campaign is already underway, too. Indeed, the situation there bears striking resemblances to some elements of the U.S. campaigns in Iraq and Libya. ",1,1
regime change,government overthrow,"Although the Bush administration appears ambitious about coercive <regime change>, it remains properly cautious on borders, as reflected in its adamant insistence on Iraq's territorial integrity. Comparable caution can be seen in the prudent stance of the un Security Council's permanent members concerning the nettlesome Western Sahara problem: every conceivable effort has been made to find a formula that preserves some form of Moroccan sovereignty and does not produce yet another weak African statelet. ",0,0
regime change,government overthrow,"""Advocates of <regime change> generally reject most, sometimes any, dealings with the regime in question, lest the process of interaction or engagement somehow buttress the offending government,"" Haass wrote in the August 2005 issue of ""Foreign Affairs."" ""Diplomacy is therefore marginalized, as it has been in U.S. Cuba policy for 40 years, and as it has been more recently in U.S. policy toward both North Korea and Iran.... Regime evolution, however, accepts the need for give-and-take.... In the end, the Soviet regime did change."" ",0,0
regime change,government overthrow,"I'd give it 50-50, especially if senior members of the regime die from the disease. That judgment, admittedly, is colored by my hope for <regime change> in Iran. I was discussing the matter last week with Daniel Pipes, who has followed Iran more closely and longer than I, when he threw cold water on my optimism: "" I'll bet any amount you want, even odds, that the regime is there a year from now, even two @ @ @ @ @ @ @ @ @ @ A.J. Caschetta is a Ginsburg-Ingerman fellow at the Middle East Forum and a principal lecturer at the Rochester Institute of Technology. @@31783941 ",0,0
dismissed,fired,"If there are unexpected calamities in the kingdom, such as frequent extraordinary winds or rains, he is unceremoniously rejected and replaced. The one who has been <dismissed> quietly accepts his demotion, and is not angry. ",1,1
dismissed,fired,"An employee printed and removed sensitive client information for unknown purposes. The employee was <dismissed> and steps were taken to reduce the risk of similar employee thefts occurring. The employee removed the documents on February 15, 2012 and was not discovered until Hillsborough County Health Department was notified on May 25. ",1,1
dismissed,fired,"Tyrion (Peter Dinklage ) wasn't exactly a hard-working guy when ""Thrones"" @ @ @ @ @ @ @ @ @ @ more and more responsibilities piled up on him, to the point where he hardly had time for bordellos and wine ( the horror! ). One of the most fascinating things about the HBO show is the way it's shown Tyrion-- who'd been underestimated and mostly <dismissed> by everyone ( including himself)-- realize that he not only was good at wielding power, he actually liked it. But it certainly cuts into a guy's recreational time, as courtiers Varys and Littlefinger could have told him. ",0,0
dismissed,fired,"Here, let me get some milk. ""She squealed in that unbearable heat, wiping sweat off her forehead, that's a first-timer for you. I poured her a glass of milk, the sounds attracting the attention of Kip @ @ @ @ @ @ @ @ @ @ an expectent mewing, he wanted that milk, too. "" None for you, little bastard. "" I <dismissed>. "" Aww, what a cute kitty! "" Esther cooed, "" Here, kitty! What's his name? """" His name was Kip when I got him from the shelter, but he only lets me give him food, water, and clean his litter. ",0,0
perish,die,"We were taught to respect each other and to value each other in a small town that was full of caring individuals. As MLK said in one of his speeches, ""@ @ @ @ @ @ @ @ @ @ sisters ) or <perish> together as fools"". ",1,1
perish,die,"Some might read this and think its an exaggeration. Can't say for sure what it will be like, but you can bet it will @ @ @ @ @ @ @ @ @ @ awhile ago, that something like 50 to 70% would <perish> in the first thirty to sixty days for a variety of reasons, but the most common being the stress and lack of pharmaceuticals. Think about it, how people are doped up just so they can function on a daily basis. ",1,1
perish,die,"In all, four drivers would <perish> in the World Championship during the 1958 season. PatO'Connor would be the first to die as part of the World Championship. ",1,1
perish,die,"than that of gold-- rather, "" than gold. "" though-- "" which perisheth, YET is @ @ @ @ @ @ @ @ @ @ ( 1 Peter 1:18 ), is yet tried with fire in order to remove dross and test its genuineness, how much more does your faith, which shall never <perish>, need to pass through a fiery trial to remove whatever is defective, and to test its genuineness and full value'glory-- "" Honor "" is not so strong as "" glory. "" ",0,0
perish,die,"So true @ @ @ @ @ @ @ @ @ @ the regional school from which I just retired, I was told ""This is a teaching university; you will not be fired for not publishing, but you will be fired for not teaching. "" I smiled at the dean and said, "" I feel like I just came home. "" Unfortunately, in the following years there were changes in administration which allowed the "" publish or <perish>"" people to devaluate our dedication to teaching. Once that bit of deconstruction of academe had been accomplished, we were given an administration devoted to PR-- forget about teachers' salaries, but put up statues and courtyards and have as many photo ops as possible. ",0,0
perish,die,"Now when Simon saw that the Spirit was bestowed through the laying on of the apostles' hands, he offered them money, 19 saying, "" Give this authority to me as well, so that @ @ @ @ @ @ @ @ @ @ Holy Spirit. "" 20 But Peter said to him, "" May your silver <perish> with you, because you thought you could 22 obtain the gift of God with money! 21 "" You have 23 no part or portion in this e matter, for your heart is not ",0,0
perish,die,"22 Now it came to pass on a certain day, that he went into a boat with his disciples: and he said to them, Let us go over to the other side of the lake. And they lanched forth. 23 But as they sailed, he fell asleep: and there came down a storm of wind on the lake; and they were filled with water, and were in jeopardy. 24 And they came to him, and awoke him, saying, Master, master, we <perish>. Then he arose, and rebuked the wind, and the raging of the water: and they ceased, and there was a calm. 25 And he said to them, Where is your faith? ",0,0
perish,die,"And is it not manifest what must needs be, and what really are, the effects and fruits hereof? Do not hereon multitudes <perish> for want of knowledge and continue in the ways of sin because they have none to teach them better, at least none to teach them on such principles as are alone effectual unto their conversion and holiness? They must die, they shall die in their sins, but the blood of their souls will be required at other hands; for all the causes of gospel holiness, all proper motives unto it, all effectual ways and means of attaining it, are hid from them. ",0,0
perish,die,"Beyond the fact that Elsevier's pricing on single article (34 what a joke ) or Big Deals ( several millions-- a complete ripp off ) it should not be forgotten that Elsevier plays very well with the ego of the scientists, in fact publishing in some journals is an ego booster to get recognition from the community, and recognition means career progression @ @ @ @ @ @ @ @ @ @ forget for a moment their own ego and explain to governement authorities that the once valid law ""publish or <perish>"" it's actually only a drain for public taxpayers money to fund shareholders fat dividends then they can start publish in Open Access journals more often and therefore break the vicious circle that Elsevier ( and others) have created. ",0,0
perish,die,"For surely there is an end,.... Both of the prosperity of the wicked, which is but for a short time; and of the afflictions of the righteous, which are but as it were for a moment; and therefore there is no reason to envy the one, nor to be fretful under the other; the end to a good man will be peace and prosperity for ever: there is a ""reward "" (b ), as some render it here, for the righteous, though not of debt, but of grace; upon which account they @ @ @ @ @ @ @ @ @ @ and thine expectation shall not be cut off; or "" hope"" ( c); as an hypocrite's is; for the hope of a saint is well founded upon the person and righteousness of Christ, and is an anchor sure and steadfast; his expectation of grace, and every needful supply of it, while in this life, and of eternal glory and happiness in the world to come, shall not <perish>; but he shall enjoy what he is hoping, expecting, and waiting for. ",0,0
demise,death,"We are setting forth hopefully, a blueprint for our future. There are some who say it is a coroner's report that will lead to our <demise>. "" ",1,1
demise,death,"Barack Obama gave many of my age reason to stop being snide and start being earnest. To actually do something, to care about something, instead of resigning ourselves to simply being more aware than the average joe of our <demise>. A lot of people just bought the t-shirts, went to a rally, partied like a Barack-Star. ",1,1
demise,death,"In Atlas Shrugged, the story is of a world much like our own. It shows how government intervention in social conscious can lead to our own <demise>. I think we can all agree that the government can go to far. ",1,1
demise,death,"Time after time we see the intelligence, patience, and foresight of an extraordinarily gifted man on display as our EXCELLENT president accomplishes one more notable achievement with the liberation of the people of Libya and the <demise> of the dictator. What else is new? ",1,1
demise,death,"Diamonds Are Forever. Assuming that you count Blofeld's final <demise> as happening in this film, then the Biggest Bad in Bond history is killed because 007 gently swings his submarine into the side of the oil rig. Hardly the demise you'd expect for such a major character. ",1,1
demise,death,Stargate Atlantis: If Carson Beckett's untimely <demise> doesn't count then nothing does. Some random Alien device that causes anyone affected by it to grow a rather malignant exploding tumor was found and activated by two unfortunate no-names.,1,1
demise,death,"Rockhold: I don't think you will see me in the UFC until Strikeforce is down with business. I wish it would be sooner, I wish we could have cross promotion fights, I want it to happen but I can't see it happening until the <demise> of Strikeforce. ",0,0
demise,death,"Given the growing concern surrounding head trauma and its haunting connection, perceived or proven, to the <demise> of so many gridiron warriors, the NFL has a serious health-and-safety issue to confront. And if the fans start to perceive the officiating to be as untrustworthy as that of ringside scorecards, the @ @ @ @ @ @ @ @ @ @. ",0,0
demise,death,"Joe, you are free to do what ever, because God gave you free will, but do not insult our intelligence by trying to justify your blind and false kind of religion with a Jesus who does not exist in the Gospels. And BTW, friend, soon enough you will see that our America is like a train going downhill without brakes... to its <demise>. We wanted a different ""conductor"". ",0,0
demise,death,"While there won't be an imminent <demise> of books, CDs and DVDs, they are all endangered species. I'm pretty sure that physical books will continue to be printed for the foreseeable future, but they'll eventually become expensive luxury items. ",0,0
demise,death,"Adovcates for public arts pled their case, while opponents cited an old, popular stat about PBS CEO Paula Kerger' s salary. ""Big Bird will starve? "" Tweeted blogger David Burge, @iowahawkblog."": The president of PBS makes $632k/year. I think she can afford to @ @ @ @ @ @ @ @ @ @ if Romney cut the government's PBS subsidy, it would hardly spell the <demise> of public broadcasting, much less Big Bird. As Forbes contributor and tax lawyer Kelly Phillips Erb points out, only about 12 percent of PBS's funding, funneled through the Corporation of Public Broadcasting, comes from the government subsidy. 60 percent, meanwhile, comes from private donors and grants, as well as dues paid by PBS's 350-plus member stations. ",0,0
demise,death,"Though the War of 1812 is remembered as a relatively minor conflict in the United States and Britain, it looms large for Canadians and for Native Americans, who see it as a decisive turning point in their losing struggle to govern themselves. In fact, the war had a far-reaching impact in the United States, as the Treaty of Ghent ended decades of bitter partisan infighting in government and ushered in the so-called ""Era of Good Feelings."" The war also marked the <demise> of the Federalist Party, which had been accused of being unpatriotic for its antiwar stance, and reinforced a tradition of Anglophobia that had begun during the Revolutionary War. Perhaps most importantly, the war's outcome boosted national @ @ @ @ @ @ @ @ @ @ would shape the better part of the 19th century. ##346470 getting on planes with explosives. ",0,0
demise,death,"To me race is an issue for the older generation, especially considering the new minority-majority coming up (i'm 25 1st generation latino-american). Any racists left in America are doomed to live in the boondocks away from the hubs of innovation, and wealth @ @ @ @ @ @ @ @ @ @, etc and the slow <demise> of major religion I just don't see conservative social issues holding the weight they once carried in voters' minds. I think political arguments in the future will center around individualism versus collectivism, and considering robots and machine learning will take all of our jobs, I see collectivism winning the battle. ",0,0
demise,death,"And as for white guilt I have none because I don't judge the past who lived under different rules and cultures by some self ignorant absorbed modern bigotry when the slave masters of my own day in the socialist camp are destroying my own time. And as for the patriarchal families <demise> you people then complain ignorantly why your relationships are a mess, have no foundation, @ @ @ @ @ @ @ @ @ @ your throat for their own in the future because you have no family roots. PROGRESS? ",0,0
special needs,handicapped,"My girls both have their own variety pack of <special needs>. When they were in grade 2 and 4, their mainstream support teacher asked how I felt about writing in ""no homework"" into their IEPs (individual learning plans) I could have kissed her!",1,1
special needs,handicapped,"And what we are getting into there, I suspect is the correlation with having the latest textbooks and a small class size. The reasons are interesting as well, having a child with <special needs> is a prevalent reason to home school.",1,1
special needs,handicapped,"Star was surrendered when her aging owners were no longer able to care for her. She is only 9 years old but is a ""<special needs>"" horse because she has very limited vision. Star was a pleasure while in foster care and has very nice manners.",1,1
special needs,handicapped,"I was raising money in Houston for a hospital in Israel, and when I was over in Israel, I said that I would raise money for them because it was a children's hospital and they wanted to build a?? it's a regular hospital, but they wanted to build a children's hospital and @ @ @ @ @ @ @ @ @ @ everybody. And as a father of a child with <special needs>, I thought it was really worthwhile. But they've changed. ",1,1
special needs,handicapped,"Failure to make use of <special needs> or supplemental needs trusts can result in payments or gifts made to or for the benefit of a disabled person being used to satisfy only basic needs for @ @ @ @ @ @ @ @ @ @ structured, receipt of personal injury settlements and well-meaning gifts and inheritances actually can operate to the detriment of the disabled person. Special needs and supplemental needs trusts are not required in every situation.",0,0
special needs,handicapped,"While a <special needs> trust must be created and approved by the Social Security Administration before it can be funded, supplemental needs trust can be created and funded at any time-- as a revocable inter vivos trust, as an irrevocable inter vivos trust, or as a testamentary trust created in a will to receive the decedent's residual estate. Most people create supplemental needs trusts as a separate inter vivos trust so that other family members (or interested parties) can make use of the trust in their own estate plans.",0,0
special needs,handicapped,"About Care.com Launched in 2007 in the U.S. and the UK in 2012, Care.com provides a place for families and care providers to easily connect, share caregiving experiences and get advice. The company helps address the unique lifecycle of care needs that each family goes through including child care, senior care, <special needs> care, @ @ @ @ @ @ @ @ @ @ service enables families to find and select caregivers based on detailed profiles, background checks, and educational information on the interviewing process.",0,1
intoxicated,drunk,"Friday, Nov. 9, 2012, 8:00 p.m.-- A student reported that his or her laptop was @ @ @ @ @ @ @ @ @ @ 10, 2012, 12:15 a.m.-- Loud noise was reported at the College Hill Apartments. Saturday, Nov. 10, 2012, 2:00 a.m.-- An <intoxicated> student was transported to the hospital. Saturday, Nov. 10, 2012, 11:00 p.m.-- A loud noise was reported at Brooks College House. ",1,1
intoxicated,drunk,I have hundreds of songs in my iPod but this is the only song I listen to. It almost makes me feel high and <intoxicated>. Maybe it synchronizes with my brainwaves or something.,1,1
intoxicated,drunk,"It was ceaselessly entertaining. Brit Hume was unable to hide his growing disgust and, I believe, he was <intoxicated>. ",1,1
intoxicated,drunk,"Give it a rest. People have been thrown out of bars because they were thought to be <intoxicated>. Most, if not all, just moved on to the next bar. ",1,1
intoxicated,drunk,"Upset by her parents' dispute, Reenie runs off distractedly into the street, causing a young man, Sammy Golden, to crash his car into a tree. Unhurt, Sammy, a student at a nearby military school, takes Reenie to a soda fountain and tells her that his mother, a movie actress, has virtually @ @ @ @ @ @ @ @ @ @ slightly <intoxicated>, at Mavis' house, which also serves as her place of business, and scandalizes customers Lydia and Edna Harper, two gossiping sisters. Rubin tells Mavis that he needs her but that, at the same time, he is a family man and has never been unfaithful to Cora. ",1,1
intoxicated,drunk,"He gropes kind of wildly at the space beside him. He's not sure what he's looking for but a few gallons of water and a dozen packets of painkillers sound really fucking good right now and, as long as he didn't manage to piss Sam off last night while <intoxicated>-- and if he did he really hopes that Sam's not being a bitch about it-- the kid has probably been awesome and left something that will make him feel less like the living dead on the bedside table for him. Sammy's good like that. ",1,1
intoxicated,drunk,"She danced with delight, with passion, <intoxicated> with pleasure, thinking of nothing, in the triumph of her beauty, in the glory of her success, in a sort of cloud of happiness made up of all these tributes, of all the admirations, of all these awakened desires, of this victory so complete and so sweet to a woman's heart. ",0,0
intoxicated,drunk,"Freedom never can be all-embracing of course, but the way liberals use the term implies that it can. And because Americans become <intoxicated> at the mere mention of the words ""freedom"" and ""equality,"" this language is highly effective. However, the Times does not believe in pure freedom and pure equality. ",0,0
intoxicated,drunk,"Kaufmann represents ""The @ @ @ @ @ @ @ @ @ @ to justify his appointment to a full chair of philology at the young age of 25, but also a book that would not appeal to anyone in German academic circles. It would appear that Nietzsche was determined to remain independent, and not become <intoxicated> with the"" prestige "" of being appointed to such a position at such an early age. Nietzsche's later criticism of his own work would seem to justify this interpretation. ",0,0
intoxicated,drunk,"On the other side of @ @ @ @ @ @ @ @ @ @ out of Requiem for a Dream. After unwittingly walking through a cloud of mushroom spores, you become <intoxicated> and the world begins to take on a whole new form around you. Caves shift and change colour and shape in front of your eyes, buildings jump away from you as you approach them, huge rocks lift slowly and elegantly into the air as though light as a feather. ",0,0
intoxicated,drunk,"With his calloused and bloodied hands, Steve spreads open the bird's intricate wings. Then, still <intoxicated> with adrenaline, he pulls the carcass apart to @ @ @ @ @ @ @ @ @ @. ",0,0
intoxicated,drunk,"The ""noble simplicity, calm grandeur"" of Goethe and the ""sweetness and light"" of Matthew Arnold were the appropriate adjectives for Greek culture. But Nietzsche brought in the Dionysian festivals, as another aspect of it, and its longing, in the words of Kaufmann, to "" exceed @ @ @ @ @ @ @ @ @ @ applications, for it points to the need of all cultures, and thus all individuals, to at times attend the Dionysian festival and get out of equilibrium, remain for awhile off-balance, and get <intoxicated> with the dance of unreason. ",0,0
well off,rich,But in the circles of friends I keep we all came from the same demographics and had the same opportunities. Those who are <well off> voted for Romney. Those who are not voted for Obama.,1,1
well off,rich,I myself enjoy busking and have done it a few times not for money but to see how another human being reacts to said busker. It is interesting to see that the less <well off> people are the more they tend to give to buskers. I guess birds of a feather do flock together even in human nature senses.,1,1
well off,rich,"Does the fact they are forced to serve make them heroes?? ""I think you are pretty ignorant of your own military, I've met many soldiers and airman for the UK and none of there were"" right out of jail "". As a matter of fact, they were all pretty <well off>. But to answer your question, what makes them heroes is that they signed up for a job that may require them to lay their own lives on the line.",0,0
well off,rich,"pipework cigarette smoking amazing moncler coats ashes fireworks therefore forthWhat is a lot more, too often rather can also very http: **32;3443;TOOLONG toxic on your upkeep of all the downwards cap moncler coat thought the full cleanup is definitely encouraged. moncler london Also moncler jackets sale normal washables can lock up away because of moncler sale uk deficient buy moncler durability to do with jointly coat, because, the caliber of saving ambiance will get less <well off>, however if the back jacket truly dust you need to cleanse when mineral water. Then you better choose a bright morning, due moncler jacket. ",0,0
slim,slender,"The Lancers continued to hang on to the <slim> one-point line as Golden West started a possession following a blocked field goal with a little more than three minutes remaining. From the Rustlers' 18, London drove the GWC quarterback out of the pocket and forced him into @ @ @ @ @ @ @ @ @ @ along the sideline at the 19. ",1,0
slim,slender,"In the end you can blame metabolism, processed foods, lack of physical excercise in our modern culture, etc., etc. but blaming things will not make you <slim> will it? The food we have is what we have right now, @ @ @ @ @ @ @ @ @ @ want to remain thin within that reality they must eat less. ",1,1
slim,slender,"Research backs those responses up. A whopping 66 percent of women aged 25-55 who have dieted or are trying to lose weight say those closest to them-- including spouses and friends-- actually undermine their attempts to get <slim> and healthy, confirms a recent survery by Medi-Weightloss Clinics in Tampa, Fla. Here, the worst things someone can say to you on your weight loss journey-- and what your best response should be to stay on course. ""Here, Try These Brownies... I Baked Them Just For You"" ",1,1
slim,slender,"Ever since teenager, I am always the chubby one and being labeled as' the one size bigger than usual' girl. I have always been struggling and would love to see myself <slim> and not chubby. I hope this will work for me. ",1,1
slim,slender,"Given the veritable spec sheet overload that Samsung has included within the Galaxy S II, we consider its thin profile a stunning feat of engineering. In terms of the pursuit of the absolute slimmest device, NEC's MEDIAS N-04C is still the champ at 7.7mm, but global audiences should feel comfortable in replacing the Sony Ericsson Xperia Arc, which measures 8.7mm at its thinnest point, with the Galaxy S II for their benchmark <slim> device. ",0,0
slim,slender,"Ohio became the pivotal state in those elections, when Democratic candidate Mr. Kerry refused to concede the race on election night because of the <slim> margin here and rumors of voting irregularities. Democrats' fury settled on Mr. Blackwell, one of the nation's most prominent black Republicans, who they argue worked overtime to complicate voting in 2004. ",0,0
slim,slender,"When I reviewed the Vu a few months back, the phone/tablet hybrid impressed me with its bright screen and <slim> build. CNET's own Brian Bennett got a chance to get his hands on the Verizon unit, which is lacking the throwback antenna the Korean version sported. ",0,0
slim,slender,"The defence, however, looks really weak as Bologna have sold most of the starting defenders from last season. With little, if any, resources to add to a <slim> squad, Bologna are definitely in for a relegation scrap this time around. Cagliari ",0,0
slim,slender,"Being short of personnel, IFK Mariehamn figured that they should start buying players by the pound and, therefore, it made @ @ @ @ @ @ @ @ @ @ Toni Lehtinen (Haka ) who will greatly increase the pie-rate of MIFK's <slim> squad. After making this sizeable capture, Markus Paatelainen ( Honka ) and an assorted bunch of players from oversees joined the ranks of the islanders: Luca Bellisomo ( Vancouver Whitecaps, CAN ), Hendrik Helmke ( VfL Lbeck, GER ) and Fernando de Abreu Ferreira ( Olympiakos Nikosia, CYP). ",0,0
same-sex,homosexual,"As in F. anselli, breeders of both sexes outlive their non-reproductive counterparts by far, with reproductive individuals living significantly longer than helpers. Female breeders, despite their investment into long pregnancy and lactation 10, even live more than twice as long as <same-sex> non-breeders. ",1,0
same-sex,homosexual,"So, for instance, when the study finds that children who have had a parent in a <same-sex> romantic relationship are much more likely to suffer from depression as young adults than the children who come from IBFs, this does not claim that the gay parent was the cause of the depression in his or her child; simply that such children on average have more depression, for reasons unidentified by the study.",1,1
same-sex,homosexual,"If 1 in 10 million yearly US airline flights were going down to terrorism taking 300 souls with them, would saving them supply justification to subject the other 9,999,999 plane loads to (even <same-sex>, adult-only ) naked imaging and and random private groping (scanner saw a hanky in your pocket; you can't just take it out and go through again-- you're wearing a sanitary napkin; you may choose a private room for your ordeal)-- even assuming $5 per passenger security actually worked?",0,0
same-sex,homosexual,"How can mere airport regs authorize-- nay, mandate!-- male stranger upon female stranger attractive part-touching just because, for example, TSA may short handed on female employees ( many small airports? )-- instead of merely refusing boarding of same ( crackpot but not criminal )? ****** Both <same-sex> naked viewing and same-sex private part touching conflict with the justification previously cited by courts for okaying so-called administrative ( warrant-less ) searches: relatively limited invasion of privacy ( sobriety checkpoints as far as it's been stretched ).",0,0
underdeveloped,poor,"Advanced economies have far lower birth rates than <underdeveloped> economies. Given the economic interdependence of nations with advanced economies, war between them grows increasingly impossible. ",1,1
underdeveloped,poor,"Great! We're half @ @ @ @ @ @ @ @ @ @ the corrupt leaders of poor, undereducated, <underdeveloped> nations doesn't deal with poverty. So why is this practice still so prevalent and why do so few individuals have the wherewithal to appropriately evaluate whether their donations are effective? ",1,1
underdeveloped,poor,"The United States can suffer the same fate too. I mean just when we get some normal recessions/depressions we fall back to the old ways, WWJD (What Would Jefferson/Jesus Do) Looking back with the old days were the US was <underdeveloped> @ @ @ @ @ @ @ @ @ @ polio. However life was harder but simpler. ",1,1
underdeveloped,poor,"In addition to her blog, Natuka works for several Georgian publications and last season was on the board of Tbilisi Fashion Week. Although she says the Georgian style scene is quite <underdeveloped>, the Karkashadze sisters and their friends-- bankers, journalists, designers-- are fashion-obsessed and shop at the city's chic boutiques like Prive and Pierrot le Fou. ",0,0
underdeveloped,poor,"Ayn Rand is a hack. Her ideas are shockingly <underdeveloped> and childishly self-centered so it's not entirely surprising that they appeal to teenagers (so many fall in love with her in college) who are still ensconced in a ""me"" universe do not yet know the work of real philosophy. However, even if her' philosophy' was in any way philosophical, her writing is still just plain awful; heavy-handed, repetitive, proselytizing pulp with poorly drawn characters and predictable outcomes. ",0,0
underdeveloped,poor,"What you need to ask yourself, is when your son grows up and the questions starts, what will you answer him if he asks you what did you do about it? My son's therapist (he has <underdeveloped> muscle tone) told me that the best to do is write a letter, or email, telling them that you would like them (grandparents and to father) to have an active part in your son's life as it is an extension to their family. If they do not respond, then so be it. ",0,0
a certain age,an old age,Bravo to France for such a great idea. I hope they take real people of <a certain age> as it would be a hoot to participate next year. I would just have to stop myself from laughing and having too good a time?,1,1
a certain age,an old age,"Just as a point of accuracy, I was never ""a punk."" This is totally irrelevant unless you're <a certain age>. But back in the day, the one thing you didn't want to be called was a ""poseur."" This little candyass likes heat and hot water and three squares a day. ",1,1
a certain age,an old age,"You get to <a certain age> and you're lucky to be able to lift the body, much less move it. That being said, you can count on me if you really needed someone. ",1,1
a certain age,an old age,"As an American, the death of Sir (yes, good heavens, he was knighted) Jimmy Savile can not have the resonance with me that it might for many Brits of <a certain age>. Let's think of him as a kind of freaky Dick Clark. ",1,1
a certain age,an old age,Americans of <a certain age> will remember the day-care sex abuse hysteria that swept the nation during the 1980s and early 1990s. It began with bizarre allegations in California that children were being sexually abused and tortured by day-care workers in Satanic rituals.,1,1
a certain age,an old age,"Today, gay people of <a certain age> may feel as though they had stepped out of a lavender time machine. That's the sensation that hit me when I watched the @ @ @ @ @ @ @ @ @ @ name of the President-elect. ",1,1
a certain age,an old age,"Sometimes it just takes the right incentives to convince people under <a certain age> to attend square dances. Charmaine Slaven @ @ @ @ @ @ @ @ @ @ Square "" event in the Northwest two years ago to train new callers and musicians. ",0,0
a certain age,an old age,"And sometimes around February when the pastor decided to do a series on Song of Solomon. At home, I wasn't allowed to watch certain movies until I had reached <a certain age>. And, I was an only child so there was no one to bring ""it"" up around the dinner table except me, and that obviously wasn't going to happen. ",0,0
a certain age,an old age,""" One of our Curse Breakers will be by shortly to conduct the ritual. Firstly, magic blocks are usually removed after a stipulated time or when the subject comes to <a certain age>, or when the person who placed the block removes it of their own volition. Failing that, one would normally go to St Mungo's to have the blocks removed by a healer. ",0,0
a certain age,an old age,A lot of kids are not physiologically ready for certain modes of thinking &; I witness it everyday in the classroom. This is why the concept of being in a certain grade at <a certain age> is silly. And kids will be kids-though this does not take away any experience a kid should get from a conseqeunce as a result of their behavior.,0,0
a certain age,an old age,"People with certain kinds of conditions, whether mental, emotional or physical which preclude them from holding down a job are treated with contempt by many because they do not want to understand. What is to happen to little Trig Palin when he reaches <a certain age> and, by our standards, is expected to be self-sufficient? If his parents and family are not able to care for him and pay for his support, who will? ",0,0
a certain age,an old age,"When I was at school, more than twenty years ago, it was emphasised to us (by a visiting police officer) that getting a woman drunk to ""take advantage of her"" was rape, and would be treated as such by the law. Not only that, but her quotation from Merriam Webster is incomplete-- here is the full quote: ""unlawful sexual activity and usually sexual intercourse carried out forcibly or under threat of injury against the will usually of a female or with a person who is beneath <a certain age> or incapable of valid @ @ @ @ @ @ @ @ @ @, unconsciousness, or deception-- see also STATUTORY RAPE""",0,0
a certain age,an old age,"For simplicity, let's restrict attention to the question of whether suffrage should be extended to a large class of people under 18: either by lowering the voting age (say, to 12 or 14), or better yet (in my view), by giving any citizen the vote once he or she reaches <a certain age> or passes a test of basic civics knowledge analogous to a driver's-ed or citizenship test. (Just like with the plurality voting system, @ @ @ @ @ @ @ @ @ @ part; figuring out the best among many possible better rules to replace it is the harder and more interesting problem.) ",0,0
disadvantaged,poor,"Only through great struggle have racial minorities been able to come to the point that for some of them, race does not automatically = <disadvantaged> especially in terms of poverty. And for a great great number of them, poverty and race are inextricably linked.",1,1
disadvantaged,poor,"My compassion for genuinely homeless, disabled and <disadvantaged> has been almost entirely eroded by the daily assault. I work hard for my financial freedom and am committed to doing homework and correcting past mistakes I have made.",1,1
disadvantaged,poor,"About The Atlantic Philanthropies: The Atlantic Philanthropies are dedicated to bringing about lasting changes in the lives of <disadvantaged> and vulnerable people. Atlantic focuses on four critical social problems: Ageing, Children &; Youth, Population Health, and Reconciliation &; Human Rights. ",1,1
disadvantaged,poor,"I was not ignorant of the weakness and impertinency of all thoughts that a person of my mean condition in the world, <disadvantaged> by all imaginable circumstances that might prejudice the most sincere endeavors, should attempt any thing with respect unto the relief of nations or national churches, which yet are not without the verge of this fatal evil. To mourn for them in secret, to labor in prayers and supplications for a more plentiful effusion of the Spirit of Christ upon them for their good, are things which, although they may despise, yet God will accept in and from the meanest of them that call on his name in sincerity. ",0,0
disadvantaged,poor,"Including culture in strategic assessments has a poor legacy, for it has often been spun from an ugly brew of ignorance, wishful thinking, and mythology. Thus, the U.S. army in the 1930s evaluated the Japanese national character as lacking originality and drew the unwarranted conclusion that the country would be permanently <disadvantaged> in technology. 5 Hitler dismissed the United States as a mongrel society 6 and consequently underestimated the impact of America's entry into the war. @ @ @ @ @ @ @ @ @ @ calculating the relative strengths and weaknesses of opposing forces, it tends to lead to wild distortions, especially when it is a matter of understanding why states unprepared for war enter into combat flushed with confidence. The temptation is to impute cultural attributes to the enemy state that negate its superior numbers or weaponry.",0,0
disadvantaged,poor,"The decision left open the suggestion that the violence they had suffered had been, on some level, a consequence of their own combustible rhetoric. The Court struck an awkward balance between freedoms of speech and religion, one that in this instance <disadvantaged> a small but visible and persecuted sect. ",0,0
wealthy,billionaires,"Today Bo Pilgrim is a <wealthy> man. The company he started and runs, Pittsburg, Tex.-based Pilgrim's Pride Corp., is the country's fifth-largest chicken processor. ",1,0
wealthy,billionaires,"The plan was not only rejected by local residents, with the assistance of priests and student activists, but it touched off a massive social movement that focused a city-wide debate on urban development. While politicians promised that the highway would ""integrate"" poor areas into the city and denied any political or economic motivations behind the project, residents resisted the proposal as a road for the <wealthy> and as a threat to their homes. ",1,1
wealthy,billionaires,They don't vote on the side of working people when times get tough. Too many Democratic politicians have also become slaves to the <wealthy>. Then they use the sly operatives in the DSCC and DCCC to fool union workers to do the grunt work when in the end it's the wealthy who prosper.,0,1
wealthy,billionaires,We all know in large part Republicans are the enemies of economic or social justice. This is not the GOP of a generation ago @ @ @ @ @ @ @ @ @ @ not benefit the <wealthy>. They are bought and paid for by both corporate America and other wealthy global corporations.,0,1
custodian,security guard,A night <custodian> made copies of sensitive documents pertaining to criminal cases. He then traded the documents to an outsider in exchange for drugs.,1,1
custodian,security guard,"If the requested records are stored on any microform or other electronic medium, a retrieval or processing fee, which must include the fee for providing the first 10 pages of the copies and which may not exceed $45.00, and: A <custodian> may impose a charge that is no more than a flat $5.00 fee or no more than $0.50 per page, whichever is greater, for providing copies of an individual's health care record A custodian may charge an individual a fee, reasonably related to the associated costs, for providing copies of x-rays, @ @ @ @ @ @ @ @ @ @ health care record information maintained in other formats",0,0